Jurgen Annevelink	books/acm/kim95/AnnevelinkACFHK95
Rafiul Ahad	books/acm/kim95/AnnevelinkACFHK95
Amelia Carlson	books/acm/kim95/AnnevelinkACFHK95
Daniel H. Fishman	books/acm/kim95/AnnevelinkACFHK95
Michael L. Heytens	books/acm/kim95/AnnevelinkACFHK95
William Kent	books/acm/kim95/AnnevelinkACFHK95
José A. Blakeley	books/acm/kim95/Blakeley95
Yuri Breitbart	books/acm/kim95/BreitbartGS95
Hector Garcia-Molina	books/acm/kim95/BreitbartGS95
Abraham Silberschatz	books/acm/kim95/BreitbartGS95
Yuri Breitbart	books/acm/kim95/BreitbartR95
Tom C. Reyes	books/acm/kim95/BreitbartR95
Stavros Christodoulakis	books/acm/kim95/ChristodoulakisK95
Leonidas Koveos	books/acm/kim95/ChristodoulakisK95
Umeshwar Dayal	books/acm/kim95/DayalHW95
Eric N. Hanson	books/acm/kim95/DayalHW95
Jennifer Widom	books/acm/kim95/DayalHW95
Angelika Kotz Dittrich	books/acm/kim95/DittrichD95
Klaus R. Dittrich	books/acm/kim95/DittrichD95
Hector Garcia-Molina	books/acm/kim95/Garcia-MolinaH95
Meichun Hsu	books/acm/kim95/Garcia-MolinaH95
Nathan Goodman	books/acm/kim95/Goodman95
Gail E. Kaiser	books/acm/kim95/Kaiser95
William Kelley	books/acm/kim95/KelleyGKRG95
Sunit K. Gala	books/acm/kim95/KelleyGKRG95
Won Kim	books/acm/kim95/KelleyGKRG95
Tom C. Reyes	books/acm/kim95/KelleyGKRG95
Bruce Graham	books/acm/kim95/KelleyGKRG95
Alfons Kemper	books/acm/kim95/KemperM95
Guido Moerkotte	books/acm/kim95/KemperM95
Won Kim	books/acm/kim95/Kim95
Won Kim	books/acm/kim95/Kim95a
Won Kim	books/acm/kim95/Kim95b
Won Kim	books/acm/kim95/KimCGS95
Injun Choi	books/acm/kim95/KimCGS95
Sunit K. Gala	books/acm/kim95/KimCGS95
Mark Scheevel	books/acm/kim95/KimCGS95
Won Kim	books/acm/kim95/KimG95
Jorge F. Garza	books/acm/kim95/KimG95
Won Kim	books/acm/kim95/KimK95
William Kelley	books/acm/kim95/KimK95
Vincent J. Kowalski	books/acm/kim95/Kowalski95
David Krieger	books/acm/kim95/KriegerA95
Tim Andrews	books/acm/kim95/KriegerA95
Teresa F. Lunt	books/acm/kim95/Lunt95
Weiyi Meng	books/acm/kim95/MengY95
Clement T. Yu	books/acm/kim95/MengY95
Amihai Motro	books/acm/kim95/Motro95
Edward Omiecinski	books/acm/kim95/Omiecinski95
M. Tamer Özsu	books/acm/kim95/OzsuB95
José A. Blakeley	books/acm/kim95/OzsuB95
Marek Rusinkiewicz	books/acm/kim95/RusinkiewiczS95
Amit P. Sheth	books/acm/kim95/RusinkiewiczS95
Hanan Samet	books/acm/kim95/Samet95
Hanan Samet	books/acm/kim95/SametA95
Walid G. Aref	books/acm/kim95/SametA95
Ming-Chien Shan	books/acm/kim95/ShanADDK95
Rafi Ahmed	books/acm/kim95/ShanADDK95
Jim Davis	books/acm/kim95/ShanADDK95
Weimin Du	books/acm/kim95/ShanADDK95
William Kent	books/acm/kim95/ShanADDK95
Richard T. Snodgrass	books/acm/kim95/Snodgrass95
Richard Mark Soley	books/acm/kim95/SoleyK95
William Kent	books/acm/kim95/SoleyK95
Ralph L. Stout	books/acm/kim95/Stout95
Craig W. Thompson	books/acm/kim95/Thompson95
Albert W. Marshall	books/ap/MarshallO79
Ingram Olkin	books/ap/MarshallO79
Anders Björnerstedt	books/aw/kimL89/BjornerstedtH89
Christer Hulten	books/aw/kimL89/BjornerstedtH89
Robert Bretl	books/aw/kimL89/BretlMOPSSWW89
David Maier	books/aw/kimL89/BretlMOPSSWW89
Allen Otis	books/aw/kimL89/BretlMOPSSWW89
D. Jason Penney	books/aw/kimL89/BretlMOPSSWW89
Bruce Schuchardt	books/aw/kimL89/BretlMOPSSWW89
Jacob Stein	books/aw/kimL89/BretlMOPSSWW89
E. Harold Williams	books/aw/kimL89/BretlMOPSSWW89
Monty Williams	books/aw/kimL89/BretlMOPSSWW89
Michael J. Carey	books/aw/kimL89/CareyDRS89
David J. DeWitt	books/aw/kimL89/CareyDRS89
Joel E. Richardson	books/aw/kimL89/CareyDRS89
Eugene J. Shekita	books/aw/kimL89/CareyDRS89
Dominique Decouchant	books/aw/kimL89/Decouchant89
Jim Diederich	books/aw/kimL89/DiederichM89
Jack Milton	books/aw/kimL89/DiederichM89
Clarence A. Ellis	books/aw/kimL89/EllisG89
Simon J. Gibbs	books/aw/kimL89/EllisG89
Daniel H. Fishman	books/aw/kimL89/FishmanABCCDHHKLLMNRSW89
Jurgen Annevelink	books/aw/kimL89/FishmanABCCDHHKLLMNRSW89
David Beech	books/aw/kimL89/FishmanABCCDHHKLLMNRSW89
E. C. Chow	books/aw/kimL89/FishmanABCCDHHKLLMNRSW89
Tim Connors	books/aw/kimL89/FishmanABCCDHHKLLMNRSW89
J. W. Davis	books/aw/kimL89/FishmanABCCDHHKLLMNRSW89
Waqar Hasan	books/aw/kimL89/FishmanABCCDHHKLLMNRSW89
C. G. Hoch	books/aw/kimL89/FishmanABCCDHHKLLMNRSW89
William Kent	books/aw/kimL89/FishmanABCCDHHKLLMNRSW89
S. Leichner	books/aw/kimL89/FishmanABCCDHHKLLMNRSW89
Peter Lyngbæk	books/aw/kimL89/FishmanABCCDHHKLLMNRSW89
Brom Mahbod	books/aw/kimL89/FishmanABCCDHHKLLMNRSW89
Marie-Anne Neimat	books/aw/kimL89/FishmanABCCDHHKLLMNRSW89
Tore Risch	books/aw/kimL89/FishmanABCCDHHKLLMNRSW89
Ming-Chien Shan	books/aw/kimL89/FishmanABCCDHHKLLMNRSW89
W. Kevin Wilkinson	books/aw/kimL89/FishmanABCCDHHKLLMNRSW89
Won Kim	books/aw/kimL89/KimBCGW89
Nat Ballou	books/aw/kimL89/KimBCGW89
Hong-Tai Chou	books/aw/kimL89/KimBCGW89
Jorge F. Garza	books/aw/kimL89/KimBCGW89
Darrell Woelk	books/aw/kimL89/KimBCGW89
Won Kim	books/aw/kimL89/KimKD89
Kyung-Chang Kim	books/aw/kimL89/KimKD89
Alfred G. Dale	books/aw/kimL89/KimKD89
Roger King	books/aw/kimL89/King89
David Maier	books/aw/kimL89/Maier89
Fred Mellender	books/aw/kimL89/MellenderRS89
Steve Riegel	books/aw/kimL89/MellenderRS89
Andrew Straw	books/aw/kimL89/MellenderRS89
David A. Moon	books/aw/kimL89/Moon89
J. Eliot B. Moss	books/aw/kimL89/Moss89
Oscar Nierstrasz	books/aw/kimL89/Nierstrasz89
Oscar Nierstrasz	books/aw/kimL89/NierstraszT89
Dennis Tsichritzis	books/aw/kimL89/NierstraszT89
David M. Russinoff	books/aw/kimL89/Russinoff89
Andrea H. Skarra	books/aw/kimL89/SkarraZ89
Stanley B. Zdonik	books/aw/kimL89/SkarraZ89
Lynn Andrea Stein	books/aw/kimL89/SteinLU89
Henry Lieberman	books/aw/kimL89/SteinLU89
David Ungar	books/aw/kimL89/SteinLU89
Mark A. Tarlton	books/aw/kimL89/TarltonT89
P. Nong Tarlton	books/aw/kimL89/TarltonT89
Chris Tomlinson	books/aw/kimL89/TomlinsonS89
Mark Scheevel	books/aw/kimL89/TomlinsonS89
Dennis Tsichritzis	books/aw/kimL89/TsichritzisN89
Oscar Nierstrasz	books/aw/kimL89/TsichritzisN89
Yair Wand	books/aw/kimL89/Wand89
Stephen P. Weiser	books/aw/kimL89/WeiserL89
Frederick H. Lochovsky	books/aw/kimL89/WeiserL89
Lawrence A. Rowe	books/aw/stonebraker86/RoweS86
Michael Stonebraker	books/aw/stonebraker86/RoweS86
Michael Stonebraker	books/aw/stonebraker86/Stonebraker86
Michael Stonebraker	books/aw/stonebraker86/Stonebraker86a
Michael Stonebraker	books/aw/stonebraker86/Stonebraker86b
Michael Stonebraker	books/aw/stonebraker86/Stonebraker86c
Michael Stonebraker	books/aw/stonebraker86/Stonebraker86d
Michael Stonebraker	books/aw/stonebraker86/Stonebraker86e
Michael Stonebraker	books/aw/stonebraker86/Stonebraker86f
Donald E. Knuth	books/aw/Knuth86a
Serge Abiteboul	books/aw/AbiteboulHV95
Richard Hull	books/aw/AbiteboulHV95
Victor Vianu	books/aw/AbiteboulHV95
Leslie Lamport	books/aw/Lamport86
Alfred V. Aho	books/aw/AhoHU74
John E. Hopcroft	books/aw/AhoHU74
Jeffrey D. Ullman	books/aw/AhoHU74
Leslie Lamport	books/aw/Lamport2002
Alfred V. Aho	books/aw/AhoHU83
John E. Hopcroft	books/aw/AhoHU83
Jeffrey D. Ullman	books/aw/AhoHU83
Philip M. Lewis	books/aw/LewisBK01
Arthur J. Bernstein	books/aw/LewisBK01
Michael Kifer	books/aw/LewisBK01
Alfred V. Aho	books/aw/AhoKW88
Brian W. Kernighan	books/aw/AhoKW88
Peter J. Weinberger	books/aw/AhoKW88
Tim Lindholm	books/aw/LindholmY97
Frank Yellin	books/aw/LindholmY97
Alfred V. Aho	books/aw/AhoSU86
Ravi Sethi	books/aw/AhoSU86
Jeffrey D. Ullman	books/aw/AhoSU86
Robert Sedgewick	books/aw/Sedgewick83
Ken Arnold	books/aw/ArnoldG96
James Gosling	books/aw/ArnoldG96
Robert Sedgewick	books/aw/Sedgewick88
Ken Arnold	books/aw/ArnoldG99
James Gosling	books/aw/ArnoldG99
Abraham Silberschatz	books/aw/SilberschatzG94
Peter Galvin	books/aw/SilberschatzG94
Ken Arnold	books/aw/ArnoldGH00
James Gosling	books/aw/ArnoldGH00
David Holmes	books/aw/ArnoldGH00
Donald E. Knuth	books/aw/Knuth86
Ricardo A. Baeza-Yates	books/aw/Baeza-YatesR99
Berthier A. Ribeiro-Neto	books/aw/Baeza-YatesR99
John F. Sowa	books/aw/Sowa84
Philip A. Bernstein	books/aw/BernsteinHG87
Vassos Hadzilacos	books/aw/BernsteinHG87
Nathan Goodman	books/aw/BernsteinHG87
Diomidis Spinellis	books/aw/Spinellis03
Elisa Bertino	books/aw/BertinoCZ2001
Barbara Catania	books/aw/BertinoCZ2001
Gian Piero Zarri	books/aw/BertinoCZ2001
Lincoln Stein	books/aw/Stein95
Elisa Bertino	books/aw/BertinoM93
Lorenzo Martino	books/aw/BertinoM93
W. Richard Stevens	books/aw/Stevens92
Ivan Bratko	books/aw/Bratko90
W. Richard Stevens	books/aw/Stevens94
Silvana Castano	books/aw/CastanoFMS95
Maria Grazia Fugini	books/aw/CastanoFMS95
Giancarlo Martella	books/aw/CastanoFMS95
Pierangela Samarati	books/aw/CastanoFMS95
W. Richard Stevens	books/aw/Stevens96
R. G. G. Cattell	books/aw/Cattell91
R. G. G. Cattell	books/aw/Cattell94
Bjarne Stroustrup	books/aw/Stroustrup86
Stefano Ceri	books/aw/CeriF97
Piero Fraternali	books/aw/CeriF97
Bjarne Stroustrup	books/aw/Stroustrup91
Patrick Chan	books/aw/Chan99
Pang-Ning Tan	books/aw/TanSK2005
Michael Steinbach	books/aw/TanSK2005
Vipin Kumar	books/aw/TanSK2005
Patrick Chan	books/aw/ChanL97
Rosanna Lee	books/aw/ChanL97
Gottfried Vossen	books/aw/Vossen90
Patrick Chan	books/aw/ChanL98
Rosanna Lee	books/aw/ChanL98
Gottfried Vossen	books/aw/Vossen94
Patrick Chan	books/aw/ChanLK98
Rosanna Lee	books/aw/ChanLK98
Douglas Kramer	books/aw/ChanLK98
Gottfried Vossen	books/aw/VossenW90
Kurt-Ulrich Witt	books/aw/VossenW90
Patrick Chan	books/aw/ChanLK99
Rosanna Lee	books/aw/ChanLK99
Douglas Kramer	books/aw/ChanLK99
Andreas S. Weigend	books/aw/WeigendG94
Neil A. Gerschenfeld	books/aw/WeigendG94
E. F. Codd	books/aw/Codd90
Steve Wilson	books/aw/WilsonK00
Jeff Kesselman	books/aw/WilsonK00
James Coplien	books/aw/Coplien92
Subrata Kumar Das	books/aw/Das92
Michael Wolfe	books/aw/Wolfe96
C. J. Date	books/aw/Date75
Gary R. Wright	books/aw/WrightS95
W. Richard Stevens	books/aw/WrightS95
C. J. Date	books/aw/Date77
George Kingsley Zipf	books/aw/Zipf49
C. J. Date	books/aw/Date81
C. J. Date	books/aw/Date83
C. J. Date	books/aw/Date84
C. J. Date	books/aw/Date86
C. J. Date	books/aw/Date90
C. J. Date	books/aw/Date95
C. J. Date	books/aw/DateD92
Hugh Darwen	books/aw/DateD92
C. J. Date	books/aw/DateD93
Hugh Darwen	books/aw/DateD93
C. J. Date	books/aw/DateD97
Hugh Darwen	books/aw/DateD97
C. J. Date	books/aw/DateW88
Colin J. White	books/aw/DateW88
C. J. Date	books/aw/DateW90
Colin J. White	books/aw/DateW90
Dorothy E. Denning	books/aw/Denning82
Margaret A. Ellis	books/aw/EllisS90
Bjarne Stroustrup	books/aw/EllisS90
A. J. Field	books/aw/FieldH88
Peter G. Harrison	books/aw/FieldH88
Georges Gardarin	books/aw/GardarinV89
Patrick Valduriez	books/aw/GardarinV89
Gerald Gazdar	books/aw/GazdarM89
Chris Mellish	books/aw/GazdarM89
David E. Goldberg	books/aw/Goldberg89
Adele Goldberg	books/aw/GoldbergR83
David Robson	books/aw/GoldbergR83
James Gosling	books/aw/GoslingJS96
William N. Joy	books/aw/GoslingJS96
Guy L. Steele Jr.	books/aw/GoslingJS96
David R. Hanson	books/aw/Hanson1995
Christopher W. Fraser	books/aw/Hanson1995
Andreas Heuer	books/aw/Heuer92
Andreas Heuer	books/aw/Heuer97
John E. Hopcroft	books/aw/HopcroftU79
Jeffrey D. Ullman	books/aw/HopcroftU79
Joseph JáJá	books/aw/JaJa92
Peter Jackson	books/aw/Jackson86
Peter Jackson	books/aw/Jackson90
Peter Jackson	books/aw/Jackson99
Brian W. Kernighan	books/aw/KernighanP99
Rob Pike	books/aw/KernighanP99
Donald E. Knuth	books/aw/Knuth68
Donald E. Knuth	books/aw/Knuth69
Donald E. Knuth	books/aw/Knuth73
Donald E. Knuth	books/aw/Knuth73a
Donald E. Knuth	books/aw/Knuth81
Stanley B. Lippman	books/aw/Lippman96
David G. Luenberger	books/aw/Luenberger73
Heikki Mannila	books/aw/MannilaR92
Kari-Jouko Räihä	books/aw/MannilaR92
John K. Ousterhout	books/aw/Ousterhout94
Marinus J. Plasmeijer	books/aw/PlasmeijerE93
Marko C. J. D. van Eekelen	books/aw/PlasmeijerE93
Michael Rabinovich	books/aw/RabinovichS01
Oliver Spatscheck	books/aw/RabinovichS01
Erhard Rahm	books/aw/Rahm94
Peter Ross	books/aw/Ross89
Gerard Salton	books/aw/Salton89
Hanan Samet	books/aw/Samet90
Marianne Baudinet	books/bc/tanselCGSS93/BaudinetCW93
Jan Chomicki	books/bc/tanselCGSS93/BaudinetCW93
Pierre Wolper	books/bc/tanselCGSS93/BaudinetCW93
James Clifford	books/bc/tanselCGSS93/CliffordC93
Albert Croker	books/bc/tanselCGSS93/CliffordC93
James Clifford	books/bc/tanselCGSS93/CliffordCT93
Albert Croker	books/bc/tanselCGSS93/CliffordCT93
Alexander Tuzhilin	books/bc/tanselCGSS93/CliffordCT93
Ramez Elmasri	books/bc/tanselCGSS93/ElmasriWK93
Gene T. J. Wuu	books/bc/tanselCGSS93/ElmasriWK93
Vram Kouramajian	books/bc/tanselCGSS93/ElmasriWK93
Ramez Elmasri	books/bc/tanselCGSS93/ElmasriWK93a
Gene T. J. Wuu	books/bc/tanselCGSS93/ElmasriWK93a
Vram Kouramajian	books/bc/tanselCGSS93/ElmasriWK93a
Shashi K. Gadia	books/bc/tanselCGSS93/Gadia93
Shashi K. Gadia	books/bc/tanselCGSS93/GadiaN93
Sunil S. Nair	books/bc/tanselCGSS93/GadiaN93
Seymour Ginsburg	books/bc/tanselCGSS93/Ginsburg93
Christian S. Jensen	books/bc/tanselCGSS93/JensenM93
Leo Mark	books/bc/tanselCGSS93/JensenM93
Curtis P. Kolovson	books/bc/tanselCGSS93/Kolovson93
T. Y. Cliff Leung	books/bc/tanselCGSS93/LeungM93
Richard R. Muntz	books/bc/tanselCGSS93/LeungM93
David B. Lomet	books/bc/tanselCGSS93/LometS93
Betty Salzberg	books/bc/tanselCGSS93/LometS93
Nikos A. Lorentzos	books/bc/tanselCGSS93/Lorentzos93
Angelo Montanari	books/bc/tanselCGSS93/MontanariP93
Barbara Pernici	books/bc/tanselCGSS93/MontanariP93
Shamkant B. Navathe	books/bc/tanselCGSS93/NavatheA93
Rafi Ahmed	books/bc/tanselCGSS93/NavatheA93
Nandlal L. Sarda	books/bc/tanselCGSS93/Sadra93
Arie Segev	books/bc/tanselCGSS93/Segev93
Arie Segev	books/bc/tanselCGSS93/SegevS93
Arie Shoshani	books/bc/tanselCGSS93/SegevS93
Richard T. Snodgrass	books/bc/tanselCGSS93/Snodgrass93
Abdullah Uz Tansel	books/bc/tanselCGSS93/Tansel93
Alexander Tuzhilin	books/bc/tanselCGSS93/Tuzhilin93
Gio Wiederhold	books/bc/tanselCGSS93/WiederholdJL93
Sushil Jajodia	books/bc/tanselCGSS93/WiederholdJL93
Witold Litwin	books/bc/tanselCGSS93/WiederholdJL93
Gene T. J. Wuu	books/bc/tanselCGSS93/WuuD93
Umeshwar Dayal	books/bc/tanselCGSS93/WuuD93
Paolo Atzeni	books/bc/AtzeniA93
Valeria De Antonellis	books/bc/AtzeniA93
Carlo Batini	books/bc/BatiniCN92
Stefano Ceri	books/bc/BatiniCN92
Shamkant B. Navathe	books/bc/BatiniCN92
Grady Booch	books/bc/Booch90
Ramez Elmasri	books/bc/ElmasriN89
Shamkant B. Navathe	books/bc/ElmasriN89
Ramez Elmasri	books/bc/ElmasriN94
Shamkant B. Navathe	books/bc/ElmasriN94
Charles N. Fischer	books/bc/FischerL1991
Richard J. LeBlanc	books/bc/FischerL1991
Vipin Kumar	books/bc/KumarGGK94
Ananth Grama	books/bc/KumarGGK94
Anshul Gupta	books/bc/KumarGGK94
George Karypis	books/bc/KumarGGK94
David Maier	books/bc/MaierW88
David Scott Warren	books/bc/MaierW88
Jürgen Albert	books/bi/AlbertO1983
Thomas Ottmann	books/bi/AlbertO1983
Wolfgang Everling	books/bi/Everling1990
Wolfgang Everling	books/bi/Everling1993
Dieter W. Fellner	books/bi/Fellner1988
Dieter W. Fellner	books/bi/Fellner1992
Joachim Hertzberg	books/bi/Hertzberg1989
Patrick Horster	books/bi/Horster1985
Peter Kandzia	books/bi/KandziaK1993
Hans-Joachim Klein	books/bi/KandziaK1993
Franz-Joachim Kauffels	books/bi/Kauffels1987
Daniel A. Keim	books/bi/KeimP1992
Edy S. Prawirohardjo	books/bi/KeimP1992
Udo Kelter	books/bi/Kelter1985
Otto Mayer	books/bi/Maier1986
Michael Mock	books/bi/Mock1990
Thomas Ottmann	books/bi/OttmannW1990
Peter Widmayer	books/bi/OttmannW1990
Thomas Ottmann	books/bi/OttmannW1993
Peter Widmayer	books/bi/OttmannW1993
Peter Schefe	books/bi/Schefe1986
Ralf Schneider	books/bi/Schneider1993
Uwe Schöning	books/bi/Schoning1987
Uwe Schöning	books/bi/Schoning1989
Uwe Schöning	books/bi/Schoning1992
Franz Stetter	books/bi/Stetter1984
Franz Stetter	books/bi/Stetter1987
Heinz Waller	books/bi/WallerH1985
Peter Hilgers	books/bi/WallerH1985
Hartmut Wedekind	books/bi/Wedekind1992
Hartmut Wedekind	books/bi/WedekindH1974
Theo Härder	books/bi/WedekindH1974
Hartmut Wedekind	books/bi/WedekindH1976
Theo Härder	books/bi/WedekindH1976
Hartmut Wedekind	books/bi/WedekindH1981
Theo Härder	books/bi/WedekindH1981
Hartmut Wedekind	books/bi/WedekindH1991
Theo Härder	books/bi/WedekindH1991
Hans P. Zima	books/bi/Zima1982
Hans P. Zima	books/bi/Zima1983
Hans P. Zima	books/bi/Zima1986
Hans P. Zima	books/bi/Zima1988
C. J. van Rijsbergen	books/bu/Rijsbergen79
C. Robert Morgan	books/bu/Morgan1998
Richard A. Frost	books/collins/Frost86
Sanjeev Kumar Aggarwal	books/crc/CRCcompiler2002/AggarwalK02
M. Sarath Kumar	books/crc/CRCcompiler2002/AggarwalK02
Vicki H. Allan	books/crc/CRCcompiler2002/AllanA02
Stephen J. Allan	books/crc/CRCcompiler2002/AllanA02
Alok N. Choudhary	books/crc/CRCcompiler2002/ChoudharyK02
Mahmut T. Kandemir	books/crc/CRCcompiler2002/ChoudharyK02
Evelyn Duesterwald	books/crc/CRCcompiler2002/Duesterwald02
K. Gopinath	books/crc/CRCcompiler2002/Gopinath02
Ramaswamy Govindarajan	books/crc/CRCcompiler2002/Govindarajan02
Rajiv Gupta	books/crc/CRCcompiler2002/GuptaG02
Neelam Gupta	books/crc/CRCcompiler2002/GuptaG02
Rajiv Gupta	books/crc/CRCcompiler2002/GuptaMZ02
Eduard Mehofer	books/crc/CRCcompiler2002/GuptaMZ02
Youtao Zhang	books/crc/CRCcompiler2002/GuptaMZ02
Uday P. Khedker	books/crc/CRCcompiler2002/Khedker02
Andreas Krall	books/crc/CRCcompiler2002/KrallH02
R. Nigel Horspool	books/crc/CRCcompiler2002/KrallH02
G. B. Mund	books/crc/CRCcompiler2002/MundGM02
Diganta Goswami	books/crc/CRCcompiler2002/MundGM02
Rajib Mall	books/crc/CRCcompiler2002/MundGM02
Vineeth Kumar Paleri	books/crc/CRCcompiler2002/Paleri02
Sanjiva Prasad	books/crc/CRCcompiler2002/PrasadA02
S. Arun-Kumar	books/crc/CRCcompiler2002/PrasadA02
Wei Qin	books/crc/CRCcompiler2002/QinM02
Sharad Malik	books/crc/CRCcompiler2002/QinM02
Subramanian Rajagopalan	books/crc/CRCcompiler2002/RajagopalanM02
Sharad Malik	books/crc/CRCcompiler2002/RajagopalanM02
Sanjay V. Rajopadhye	books/crc/CRCcompiler2002/Rajopadhye02
J. Ramanujam	books/crc/CRCcompiler2002/Ramanujam02
Priti Shankar	books/crc/CRCcompiler2002/Shankar02
Y. N. Srikant	books/crc/CRCcompiler2002/Srikant02
Ramesh Subrahmanyam	books/crc/CRCcompiler2002/Subrahmanyam02
R. Venugopal	books/crc/CRCcompiler2002/VenugopalK02
Ravindra B. Keskar	books/crc/CRCcompiler2002/VenugopalK02
Reinhard Wilhelm	books/crc/CRCcompiler2002/WilhelmRS02
Thomas W. Reps	books/crc/CRCcompiler2002/WilhelmRS02
Shmuel Sagiv	books/crc/CRCcompiler2002/WilhelmRS02
Jakob Axelsson	books/crc/IIR2005/AxelssonFHNSV05
Joakim Fröberg	books/crc/IIR2005/AxelssonFHNSV05
Hans Hansson	books/crc/IIR2005/AxelssonFHNSV05
Christer Norström	books/crc/IIR2005/AxelssonFHNSV05
Kristian Sandström	books/crc/IIR2005/AxelssonFHNSV05
Björn Villing	books/crc/IIR2005/AxelssonFHNSV05
Dietmar Loy	books/crc/IIR2005/Loy05
Marcos Ribeiro Pereira Barretto	books/crc/IIR2005/BarrettoBP05
Paulo Marcelo Porto Alves Blanco	books/crc/IIR2005/BarrettoBP05
Marco Antonio Poli	books/crc/IIR2005/BarrettoBP05
Paulo Pedreiras	books/crc/IIR2005/PedreirasAF05
Luís Almeida	books/crc/IIR2005/PedreirasAF05
José Alberto Fonseca	books/crc/IIR2005/PedreirasAF05
Marcos Ribeiro Pereira Barretto	books/crc/IIR2005/BarrettoBP05a
Paulo Marcelo Porto Alves Blanco	books/crc/IIR2005/BarrettoBP05a
Marco Antonio Poli	books/crc/IIR2005/BarrettoBP05a
Walter T. Penzhorn	books/crc/IIR2005/PenzhornA05
Johann Amsenga	books/crc/IIR2005/PenzhornA05
Lucia Lo Bello	books/crc/IIR2005/BelloP05
Enzo Palumbo	books/crc/IIR2005/BelloP05
Jörn Peschke	books/crc/IIR2005/PeschkeL05
Arndt Lüder	books/crc/IIR2005/PeschkeL05
Ivan Cibrario Bertolotti	books/crc/IIR2005/Bertolotti05
Andreas Polze	books/crc/IIR2005/Polze05
Davide Bertozzi	books/crc/IIR2005/BertozziBM05
Luca Benini	books/crc/IIR2005/BertozziBM05
Giovanni De Micheli	books/crc/IIR2005/BertozziBM05
Manfred Popp	books/crc/IIR2005/PoppFB05
Joachim Feld	books/crc/IIR2005/PoppFB05
Ralph Büsgen	books/crc/IIR2005/PoppFB05
Carsten Beuthel	books/crc/IIR2005/BeuthelGT05
Paul George	books/crc/IIR2005/BeuthelGT05
Ulrich Topp	books/crc/IIR2005/BeuthelGT05
Joo-Ho Lee	books/crc/IIR2005/LeeMH05
Kazuyuki Morioka	books/crc/IIR2005/LeeMH05
Hideki Hashimoto	books/crc/IIR2005/LeeMH05
Jan Blumenthal	books/crc/IIR2005/BlumenthalGHH05
Frank Golatowski	books/crc/IIR2005/BlumenthalGHH05
Marc Haase	books/crc/IIR2005/BlumenthalGHH05
Matthias Handy	books/crc/IIR2005/BlumenthalGHH05
Jiang B. Liu	books/crc/IIR2005/Liu05
Robert W. Brennan	books/crc/IIR2005/BrennancGKNL05
James H. Christensen	books/crc/IIR2005/BrennancGKNL05
William A. Gruver	books/crc/IIR2005/BrennancGKNL05
Dilip B. Kotak	books/crc/IIR2005/BrennancGKNL05
Douglas H. Norrie	books/crc/IIR2005/BrennancGKNL05
Edwin H. van Leeuwen	books/crc/IIR2005/BrennancGKNL05
Paulo Portugal	books/crc/IIR2005/PortugalC05
Adriano Carvalho	books/crc/IIR2005/PortugalC05
Martin Buchwitz	books/crc/IIR2005/Buchwitz05
Frank Pospiech	books/crc/IIR2005/Pospiech05
Luca P. Carloni	books/crc/IIR2005/CarloniBSS05
Fernando De Bernardinis	books/crc/IIR2005/CarloniBSS05
Alberto L. Sangiovanni-Vincentelli	books/crc/IIR2005/CarloniBSS05
Marco Sgroi	books/crc/IIR2005/CarloniBSS05
Wolfgang Radinger	books/crc/IIR2005/RadingerJ05
Martin Jandl	books/crc/IIR2005/RadingerJ05
Salvatore Cavalieri	books/crc/IIR2005/Cavalieri05
José Ruela	books/crc/IIR2005/RuelaR05
Manuel Ricardo	books/crc/IIR2005/RuelaR05
Gianluca Cena	books/crc/IIR2005/CenaV05
Adriano Valenzano	books/crc/IIR2005/CenaV05
R. Andrew Russell	books/crc/IIR2005/Russell05
Wander O. Cesário	books/crc/IIR2005/CesarioWJ05
Flávio Rech Wagner	books/crc/IIR2005/CesarioWJ05
Ahmed Amine Jerraya	books/crc/IIR2005/CesarioWJ05
R. Andrew Russell	books/crc/IIR2005/Russell05a
Suvendi Chinnappen	books/crc/IIR2005/Chinnappen05
Henning Sanneck	books/crc/IIR2005/Sanneck05
Armando W. Colombo	books/crc/IIR2005/ColomboSN05
Ronald Schoop	books/crc/IIR2005/ColomboSN05
Ralf Neubert	books/crc/IIR2005/ColomboSN05
Thilo Sauter	books/crc/IIR2005/Sauter05
Jean-Dominique Decotignie	books/crc/IIR2005/Decotignie05
Günter Schäfer	books/crc/IIR2005/Schafer05
Jean-Dominique Decotignie	books/crc/IIR2005/Decotignie05a
Michael Scholles	books/crc/IIR2005/SchollesSN05
Uwe Schelinski	books/crc/IIR2005/SchollesSN05
Petra Nauber	books/crc/IIR2005/SchollesSN05
Eric Dekneuvel	books/crc/IIR2005/Dekneuvel05
Christian Schwaiger	books/crc/IIR2005/Schwaiger05
Christian Diedrich	books/crc/IIR2005/Diedrich05
Karlheinz Schwarz	books/crc/IIR2005/Schwarz05
Arjan Durresi	books/crc/IIR2005/DurresiJ05
Raj Jain	books/crc/IIR2005/DurresiJ05
Karlheinz Schwarz	books/crc/IIR2005/Schwarz05a
Klaus-Peter Eckert	books/crc/IIR2005/Eckert05
Michael Seyfarth	books/crc/IIR2005/SeyfarthK05
Andreas Kahmen	books/crc/IIR2005/SeyfarthK05
Klaus-Peter Eckert	books/crc/IIR2005/Eckert05a
Dorgham Sisalem	books/crc/IIR2005/SisalemW05
Adam Wolisz	books/crc/IIR2005/SisalemW05
Stephen Edwards	books/crc/IIR2005/Edwards05
Tor Skeie	books/crc/IIR2005/SkeieJH05
Svein Johannessen	books/crc/IIR2005/SkeieJH05
Øyvind Holmeide	books/crc/IIR2005/SkeieJH05
David Emerson	books/crc/IIR2005/Emerson05
Mário de Sousa	books/crc/IIR2005/SousaC05
Adriano Carvalho	books/crc/IIR2005/SousaC05
Michael Eyrich	books/crc/IIR2005/Eyrich05
Andreas Steffen	books/crc/IIR2005/Steffen05
Jürgen Falb	books/crc/IIR2005/Falb05
Wolfgang Stripf	books/crc/IIR2005/StripfB05
Herbert Barthel	books/crc/IIR2005/StripfB05
Jürgen Falb	books/crc/IIR2005/Falb05a
Alexander Fay	books/crc/IIR2005/Fay05
Jean-Pierre Thomesse	books/crc/IIR2005/Thomesse05
Andreas Festag	books/crc/IIR2005/FestagW05
Adam Wolisz	books/crc/IIR2005/FestagW05
Kleanthis Thramboulidis	books/crc/IIR2005/Thramboulidis05
Shashidhar Gandham	books/crc/IIR2005/GandhamMRS05
Ravi Musunuri	books/crc/IIR2005/GandhamMRS05
Praveen Rentala	books/crc/IIR2005/GandhamMRS05
Udit Saxena	books/crc/IIR2005/GandhamMRS05
Robert Tolksdorf	books/crc/IIR2005/Tolksdorf05
Karl M. Göschka	books/crc/IIR2005/Goeschka05
Pascal Vasseur	books/crc/IIR2005/VasseurMP05
El Mustapha Mouaddib	books/crc/IIR2005/VasseurMP05
Claude Pégard	books/crc/IIR2005/VasseurMP05
Luís Gomes	books/crc/IIR2005/GomesB05
João Paulo Barros	books/crc/IIR2005/GomesB05
Yauheni Veryha	books/crc/IIR2005/VeryhaB05
Peter Bort	books/crc/IIR2005/VeryhaB05
Luís Gomes	books/crc/IIR2005/GomesC05
Anikó Costa	books/crc/IIR2005/GomesC05
Claus Vetter	books/crc/IIR2005/VetterW05
Thomas Werner	books/crc/IIR2005/VetterW05
Pavel Vrba	books/crc/IIR2005/VrbaM05
Vladimír Marík	books/crc/IIR2005/VrbaM05
Hans-Michael Hanisch	books/crc/IIR2005/HanischV05
Valeriy Vyatkin	books/crc/IIR2005/HanischV05
Klaus Wehrle	books/crc/IIR2005/Wehrle05
Hans Hansson	books/crc/IIR2005/HanssonNN05
Mikael Nolin	books/crc/IIR2005/HanssonNN05
Thomas Nolte	books/crc/IIR2005/HanssonNN05
Andreas Willig	books/crc/IIR2005/Willig05
Guido Heising	books/crc/IIR2005/HeisingB05
Kai Uwe Barthel	books/crc/IIR2005/HeisingB05
Andreas Willing	books/crc/IIR2005/WillingW05
Hagen Woesner	books/crc/IIR2005/WillingW05
T. T. Mai Hoang	books/crc/IIR2005/Hoang05
Tanja Zseby	books/crc/IIR2005/Zseby05
Thomas P. von Hoff	books/crc/IIR2005/HoffC05
Mario Crevatin	books/crc/IIR2005/HoffC05
Zaijun Hu	books/crc/IIR2005/HuK05
Eckhard Kruse	books/crc/IIR2005/HuK05
Aarti Gupta	books/crc/IIR2005/GuptaBM05
Ali Alphan Bayazit	books/crc/IIR2005/GuptaBM05
Yogesh S. Mahajan	books/crc/IIR2005/GuptaBM05
Karin Anna Hummel	books/crc/IIR2005/HummelH05
Helmut Hlavacs	books/crc/IIR2005/HummelH05
Hans-Arno Jacobsen	books/crc/IIR2005/Jacobsen05
Margarida F. Jacome	books/crc/IIR2005/JacomeR05
Anand Ramachandran	books/crc/IIR2005/JacomeR05
Ray Jarvis	books/crc/IIR2005/Jarvis05
Thomas Jatschka	books/crc/IIR2005/JatschkaT05
Robert Tschofen	books/crc/IIR2005/JatschkaT05
Ulrich Jecht	books/crc/IIR2005/JechtSW05
Wolfgang Stripf	books/crc/IIR2005/JechtSW05
Peter Wenzel	books/crc/IIR2005/JechtSW05
Wolfgang Kampichler	books/crc/IIR2005/Kampichler05
Holger Karl	books/crc/IIR2005/Karl05
Thenkurussi Kesavadas	books/crc/IIR2005/KesavadasBS05
Arvind Balijepalli	books/crc/IIR2005/KesavadasBS05
Cartik Sharma	books/crc/IIR2005/KesavadasBS05
Dongsung Kim	books/crc/IIR2005/KimHK05
Zygmunt J. Haas	books/crc/IIR2005/KimHK05
Wook Hyun Kwon	books/crc/IIR2005/KimHK05
Lindsay Kleeman	books/crc/IIR2005/Kleeman05
Martin von Löwis	books/crc/IIR2005/LowisT05
Peter Tröger	books/crc/IIR2005/LowisT05
Axel Klostermeyer	books/crc/IIR2005/KlostermeyerK05
Eckehardt Klemm	books/crc/IIR2005/KlostermeyerK05
Muammer Koc	books/crc/IIR2005/KocNLB05
Jun Ni	books/crc/IIR2005/KocNLB05
Jay Lee	books/crc/IIR2005/KocNLB05
Pulak Bandyopadhyay	books/crc/IIR2005/KocNLB05
Hermann Kopetz	books/crc/IIR2005/KopetzB05
Günther Bauer	books/crc/IIR2005/KopetzB05
Peter Korondi	books/crc/IIR2005/KorondiSH05
Peter Tamas Szemes	books/crc/IIR2005/KorondiSH05
P. Hashimoto	books/crc/IIR2005/KorondiSH05
Christopher Krügel	books/crc/IIR2005/Kruegel05
Michael Kunes	books/crc/IIR2005/Kunes05
Christian Kurz	books/crc/IIR2005/KurzH05
Helmut Hlavacs	books/crc/IIR2005/KurzH05
Jürgen Lange	books/crc/IIR2005/LangeI05
Frank Iwanitz	books/crc/IIR2005/LangeI05
Luciano Lavagno	books/crc/IIR2005/LavagnoP05
Claudio Passerone	books/crc/IIR2005/LavagnoP05
Kang Lee	books/crc/IIR2005/Lee05
Dietmar Loy	books/crc/IIR2005/LoyS05
Stefan Soucek	books/crc/IIR2005/LoyS05
Aleksander Malinowski	books/crc/IIR2005/MalinowskiW05
Bogdan M. Wilamowski	books/crc/IIR2005/MalinowskiW05
Torben Bach Pedersen	books/crc/IIR2005/PedersenJ05
Christian S. Jensen	books/crc/IIR2005/PedersenJ05
Aleksander Malinowski	books/crc/IIR2005/MalinowskiW05a
Bogdan M. Wilamowski	books/crc/IIR2005/MalinowskiW05a
Pau Martí	books/crc/IIR2005/MartiVFF05
Ricard Villá	books/crc/IIR2005/MartiVFF05
Josep M. Fuertes	books/crc/IIR2005/MartiVFF05
Gerhard Fohler	books/crc/IIR2005/MartiVFF05
Grant Martin	books/crc/IIR2005/Martin05
Kirsten Matheus	books/crc/IIR2005/Matheus05
Fabrizio Meo	books/crc/IIR2005/Meo05
Martin Naedele	books/crc/IIR2005/Naedele05
Peter Palensky	books/crc/IIR2005/Palensky05
Hiren D. Patel	books/crc/IIR2005/PatelGSG05
Sumit Gupta	books/crc/IIR2005/PatelGSG05
Sandeep K. Shukla	books/crc/IIR2005/PatelGSG05
Rajesh Gupta	books/crc/IIR2005/PatelGSG05
Thomas E. Anderson	books/crc/tucker97/AndersonBLL97
Brian N. Bershad	books/crc/tucker97/AndersonBLL97
Edward D. Lazowska	books/crc/tucker97/AndersonBLL97
Henry M. Levy	books/crc/tucker97/AndersonBLL97
Michael Wolfe	books/crc/tucker97/Wolfe97
Anthony A. Apodaca	books/crc/tucker97/Apodaca97
François Bancilhon	books/crc/tucker97/Bancilhon97
Steven M. Bellovin	books/crc/tucker97/Bellovin97
Andrew P. Bernat	books/crc/tucker97/Bernat97
Guy E. Blelloch	books/crc/tucker97/BlellochM97
Bruce M. Maggs	books/crc/tucker97/BlellochM97
Jonathan P. Bowen	books/crc/tucker97/BowenH97
Michael G. Hinchey	books/crc/tucker97/BowenH97
Ruven E. Brooks	books/crc/tucker97/Brooks97
Steve Bryson	books/crc/tucker97/Bryson97
Doug Burger	books/crc/tucker97/BurgerGS97
James R. Goodman	books/crc/tucker97/BurgerGS97
Gurindar S. Sohi	books/crc/tucker97/BurgerGS97
Luca Cardelli	books/crc/tucker97/Cardelli97
David A. Caughey	books/crc/tucker97/Caughey97
Stefano Ceri	books/crc/tucker97/CeriR97
Raghu Ramakrishnan	books/crc/tucker97/CeriR97
Vijay Chandru	books/crc/tucker97/ChandruR97
M. R. Rao	books/crc/tucker97/ChandruR97
Steve J. Chapin	books/crc/tucker97/Chapin97
Paquale Cinnella	books/crc/tucker97/CinnellaC97
Carey F. Cox	books/crc/tucker97/CinnellaC97
Jacques Cohen	books/crc/tucker97/Cohen97
Maxime Crochemore	books/crc/tucker97/CrochemoreL97
Thierry Lecroq	books/crc/tucker97/CrochemoreL97
Robert D. Cupper	books/crc/tucker97/Cupper97
Gerald DeJong	books/crc/tucker97/DeJong97
Thomas Dean	books/crc/tucker97/DeanK97
Subbarao Kambhampati	books/crc/tucker97/DeanK97
Steven A. Demurjian	books/crc/tucker97/Demurjian97
Peter J. Denning	books/crc/tucker97/Denning97
Angel Díaz	books/crc/tucker97/DiazKP97
Erich Kaltofen	books/crc/tucker97/DiazKP97
Victor Y. Pan	books/crc/tucker97/DiazKP97
Thomas W. Doeppner Jr.	books/crc/tucker97/Doeppner97
John A. Stankovic	books/crc/tucker97/Stankovic97
Colin Ware	books/crc/tucker97/Ware97
Jürgen Ziegler	books/crc/tucker97/Ziegler97
David S. Ebert	books/crc/tucker97/Ebert97
James Feldman	books/crc/tucker97/Feldman97
David Ferbrache	books/crc/tucker97/FerbracheM97
Stuart Mort	books/crc/tucker97/FerbracheM97
Raphael A. Finkel	books/crc/tucker97/Finkel97
Roberto Tamassia	books/crc/tucker97/TamassiaC97
Bryan Cantrill	books/crc/tucker97/TamassiaC97
Alan Watt	books/crc/tucker97/Watt97
Kenneth D. Forbus	books/crc/tucker97/Forbus97
Stephanie Forrest	books/crc/tucker97/Forrest97
Michael J. Franklin	books/crc/tucker97/Franklin97
John D. Gannon	books/crc/tucker97/Gannon97
Carlo Ghezzi	books/crc/tucker97/GhezziJM97
Mehdi Jazayeri	books/crc/tucker97/GhezziJM97
Dino Mandrioli	books/crc/tucker97/GhezziJM97
Benjamin Goldberg	books/crc/tucker97/Goldberg97
Jonathan Grudin	books/crc/tucker97/Grudin97
Stuart Hirshfield	books/crc/tucker97/HirshfieldE97
Raimund K. Ege	books/crc/tucker97/HirshfieldE97
Donald H. House	books/crc/tucker97/House97
Wolfgang Dzida	books/crc/tucker97/Dzida97
Windsor W. Hsu	books/crc/tucker97/HsuP97
Jih-Kwon Peir	books/crc/tucker97/HsuP97
Michael J. Flynn	books/crc/tucker97/FlynnR97
Kevin W. Rudd	books/crc/tucker97/FlynnR97
Peter Wegner	books/crc/tucker97/Wegner97
Daniel P. Huttenlocher	books/crc/tucker97/Huttenlocher97
Yannis E. Ioannidis	books/crc/tucker97/Ioannidis97
Robert J. K. Jacob	books/crc/tucker97/Jacob97
Sushil Jajodia	books/crc/tucker97/Jajodia97
Tao Jiang	books/crc/tucker97/JiangLR97
Ming Li	books/crc/tucker97/JiangLR97
Bala Ravikumar	books/crc/tucker97/JiangLR97
Michael J. Jipping	books/crc/tucker97/JippingB97
Kim B. Bruce	books/crc/tucker97/JippingB97
Deborah G. Johnson	books/crc/tucker97/JohnsonM97
Keith Miller	books/crc/tucker97/JohnsonM97
Michael I. Jordan	books/crc/tucker97/JordanB97
Christopher M. Bishop	books/crc/tucker97/JordanB97
David R. Kaeli	books/crc/tucker97/Kaeli97
Lakshmi Kantha	books/crc/tucker97/KanthaP97
Steve Piacsek	books/crc/tucker97/KanthaP97
Arie E. Kaufman	books/crc/tucker97/Kaufman97
Samir Khuller	books/crc/tucker97/KhullerR97
Balaji Raghavachari	books/crc/tucker97/KhullerR97
David E. Kieras	books/crc/tucker97/Kieras97
David T. Kingsbury	books/crc/tucker97/Kingsbury97
Danny Kopec	books/crc/tucker97/KopecM97
T. Anthony Marsland	books/crc/tucker97/KopecM97
Andrea S. LaPaugh	books/crc/tucker97/LaPaugh97
Carl E. Landwehr	books/crc/tucker97/Landwehr97
D. T. Lee	books/crc/tucker97/Lee97
Frank L. Lewis	books/crc/tucker97/LewisFL97
M. Fitzgerald	books/crc/tucker97/LewisFL97
K. Liu	books/crc/tucker97/LewisFL97
Kenneth C. Louden	books/crc/tucker97/Louden97
Michael C. Loui	books/crc/tucker97/Loui97
James J. Lu	books/crc/tucker97/LuR97
Erik Rosenthal	books/crc/tucker97/LuR97
Nadia Magnenat-Thalmann	books/crc/tucker97/Magnenat-ThalmannT97
Daniel Thalmann	books/crc/tucker97/Magnenat-ThalmannT97
Marshall K. McKusick	books/crc/tucker97/McKusick97
Jim Melton	books/crc/tucker97/Melton97
Rajeev Motwani	books/crc/tucker97/MotwaniR97
Prabhakar Raghavan	books/crc/tucker97/MotwaniR97
Sape J. Mullender	books/crc/tucker97/Mullender97
Brad A. Myers	books/crc/tucker97/Myers97
Peter G. Neumann	books/crc/tucker97/Neumann97
Ahmed K. Noor	books/crc/tucker97/Noor97
M. Tamer Özsu	books/crc/tucker97/OzsuV97
Patrick Valduriez	books/crc/tucker97/OzsuV97
Radia J. Perlman	books/crc/tucker97/Perlman97
Roger S. Pressman	books/crc/tucker97/Pressman97
Brian K. Reid	books/crc/tucker97/ReidS97
Stephen Stuart	books/crc/tucker97/ReidS97
Steven P. Reiss	books/crc/tucker97/Reiss97
Alyn P. Rockwood	books/crc/tucker97/Rockwood97
Betty Salzberg	books/crc/tucker97/Salzberg97
Stephen R. Schach	books/crc/tucker97/Schach97
Stuart A. Selber	books/crc/tucker97/SelberJM97
Johndan Johnson-Eilola	books/crc/tucker97/SelberJM97
Brad Mehlenbacher	books/crc/tucker97/SelberJM97
Joseph S. Shang	books/crc/tucker97/Shang97
William R. Sherman	books/crc/tucker97/ShermanCBB97
Alan B. Craig	books/crc/tucker97/ShermanCBB97
M. Pauline Baker	books/crc/tucker97/ShermanCBB97
Colleen Bushell	books/crc/tucker97/ShermanCBB97
Abraham Silberschatz	books/crc/tucker97/SilberschatzKS97
Henry F. Korth	books/crc/tucker97/SilberschatzKS97
S. Sudarshan	books/crc/tucker97/SilberschatzKS97
William Stallings	books/crc/tucker97/Stallings97
Allen B. Tucker	books/crc/tucker97/TuckerW97
Peter Wegner	books/crc/tucker97/TuckerW97
Craig E. Wills	books/crc/tucker97/Wills97
Jakob Nielsen	books/crc/tucker97/Nielsen97
Sergei Nirenburg	books/crc/tucker97/NirenburgM97
Kavi Mahesh	books/crc/tucker97/NirenburgM97
Robert E. Noonan	books/crc/tucker97/NoonanB97
William L. Bynum	books/crc/tucker97/NoonanB97
Patrick E. O'Neil	books/crc/tucker97/ONeil97
Judea Pearl	books/crc/tucker97/Pearl97
Benjamin C. Pierce	books/crc/tucker97/Pierce97
J. Ross Quinlan	books/crc/tucker97/Quinlan97
Edward M. Reingold	books/crc/tucker97/Reingold97
Ellen Riloff	books/crc/tucker97/RiloffH97
Lee A. Hollaar	books/crc/tucker97/RiloffH97
Mary Beth Rossen	books/crc/tucker97/Rossen97
Ravi S. Sandhu	books/crc/tucker97/SandhuS97
Pierangela Samarati	books/crc/tucker97/SandhuS97
David A. Schmidt	books/crc/tucker97/Schmidt97
Stephanie Seneff	books/crc/tucker97/SeneffZ97
Victor Zue	books/crc/tucker97/SeneffZ97
Dennis Shasha	books/crc/tucker97/Shasha97
Howard Jay Siegel	books/crc/tucker97/SiegelDA97
Henry G. Dietz	books/crc/tucker97/SiegelDA97
John K. Antonio	books/crc/tucker97/SiegelDA97
Ian Sommerville	books/crc/tucker97/Sommerville97
Bharat K. Soni	books/crc/tucker97/SoniW97
Nigel P. Weatherill	books/crc/tucker97/SoniW97
Earl E. Swartzlander Jr.	books/crc/tucker97/Swartzlander97
George Wolberg	books/crc/tucker97/Wolberg97
James L. Alty	books/crc/tucker97/Alty97
Karen A. Lemone	books/crc/Lemone1992
Alfred Menezes	books/crc/MenezesOV96
Paul C. van Oorschot	books/crc/MenezesOV96
Scott A. Vanstone	books/crc/MenezesOV96
Ellis Horowitz	books/cs/HorowitzS78
Sartaj Sahni	books/cs/HorowitzS78
David Maier	books/cs/Maier83
Shamim A. Naqvi	books/cs/NaqviT89
Shalom Tsur	books/cs/NaqviT89
Christos H. Papadimitriou	books/cs/Papadimitriou86
Thomas W. Parsons	books/cs/Parsons1992
James A. Storer	books/cs/Storer88
Jeffrey D. Ullman	books/cs/Ullman80
Jeffrey D. Ullman	books/cs/Ullman82
Jeffrey D. Ullman	books/cs/Ullman88
Jeffrey D. Ullman	books/cs/Ullman89
C. K. Wong	books/cs/Wong83
Stuart M. Shieber	books/csli/Shieber86
Hans Uszkoreit	books/csli/Uszkoreit87
Gerhard Brewka	books/csli/Brewka97
Jürgen Dix	books/csli/Brewka97
Kurt Konolige	books/csli/Brewka97
Jean-Raymond Abrial	books/cu/mckeag80/AbrialSM80
Stephen A. Schuman	books/cu/mckeag80/AbrialSM80
Bertrand Meyer	books/cu/mckeag80/AbrialSM80
David W. Bustard	books/cu/mckeag80/Bustard80
Maurice Clint	books/cu/mckeag80/ClintP80
Ronald H. Perrott	books/cu/mckeag80/ClintP80
Derek Coleman	books/cu/mckeag80/Coleman80
C. A. R. Hoare	books/cu/mckeag80/Hoare80
Jean Ichbiah	books/cu/mckeag80/IchbiahBHKRW80
John G. P. Barnes	books/cu/mckeag80/IchbiahBHKRW80
J. C. Heliard	books/cu/mckeag80/IchbiahBHKRW80
Bernd Krieg-Brückner	books/cu/mckeag80/IchbiahBHKRW80
Olivier Roubine	books/cu/mckeag80/IchbiahBHKRW80
Brian A. Wichmann	books/cu/mckeag80/IchbiahBHKRW80
M. A. Jackson	books/cu/mckeag80/Jackson80
R. M. McKeag	books/cu/mckeag80/McKeag80
Ronald H. Perrott	books/cu/mckeag80/Perrott80
Olivier Roubine	books/cu/mckeag80/RoubineH80
J. C. Heliard	books/cu/mckeag80/RoubineH80
Jim Welsh	books/cu/mckeag80/Welsh80
Andrew W. Appel	books/cu/Appel1992
Andrew W. Appel	books/cu/Appel1997
Andrew W. Appel	books/cu/Appel1997c
Andrew W. Appel	books/cu/Appel1997ml
Andrew W. Appel	books/cu/Appel1998
Andrew W. Appel	books/cu/Appel1998c
Andrew W. Appel	books/cu/Appel1998ml
Andrew W. Appel	books/cu/Appel2002
G. Dunn	books/cu/DunnE82
B. Everitt	books/cu/DunnE82
Richard Durbin	books/cu/DurbinEK98
Sean R. Eddy	books/cu/DurbinEK98
Anders Krogh	books/cu/DurbinEK98
Graeme J. Mitchison	books/cu/DurbinEK98
Dan Gusfield	books/cu/Gusfield1997
J. Roger Hindley	books/cu/HindleyS86
Jonathan P. Seldin	books/cu/HindleyS86
Kurt Mehlhorn	books/cu/MehlhornN99
Stefan Näher	books/cu/MehlhornN99
Rajeev Motwani	books/cu/MotwaniR95
Prabhakar Raghavan	books/cu/MotwaniR95
William H. Press	books/cu/PressTVF92
Saul A. Teukolsky	books/cu/PressTVF92
William T. Vetterling	books/cu/PressTVF92
Brian P. Flannery	books/cu/PressTVF92
Willem P. de Roever	books/cu/RoeverE1998
Kai Engelhardt	books/cu/RoeverE1998
Willem P. de Roever	books/cu/RoeverBH2001
Frank S. de Boer	books/cu/RoeverBH2001
Ulrich Hannemann	books/cu/RoeverBH2001
Jozef Hooman	books/cu/RoeverBH2001
Yassine Lakhnech	books/cu/RoeverBH2001
Mannes Poel	books/cu/RoeverBH2001
Job Zwiers	books/cu/RoeverBH2001
Gerhard Austaller	books/dp/kappel2003/AustallerLLM03
Markus Lauff	books/dp/kappel2003/AustallerLLM03
Fernando Lyardet	books/dp/kappel2003/AustallerLLM03
Max Mühlhäuser	books/dp/kappel2003/AustallerLLM03
Wernher Behrendt	books/dp/kappel2003/Behrendt03
Cristina Buchholz	books/dp/kappel2003/Buchholz03
Arno Ebner	books/dp/kappel2003/EbnerW03
Hannes Werthner	books/dp/kappel2003/EbnerW03
Christian Eichinger	books/dp/kappel2003/Eichinger03
Gregor Engels	books/dp/kappel2003/EngelsLW03
Marc Lohmann	books/dp/kappel2003/EngelsLW03
Annika Wagner	books/dp/kappel2003/EngelsLW03
Martin Gaedke	books/dp/kappel2003/GaedkeNJD03
Martin Nussbaumer	books/dp/kappel2003/GaedkeNJD03
Oliver Jung	books/dp/kappel2003/GaedkeNJD03
Markus Dieckmann	books/dp/kappel2003/GaedkeNJD03
Paul Grünbacher	books/dp/kappel2003/Grunbacher03
Martin Hitz	books/dp/kappel2003/HitzL03
Gerhard Leitner	books/dp/kappel2003/HitzL03
Gerti Kappel	books/dp/kappel2003/KappelPRR03
Birgit Pröll	books/dp/kappel2003/KappelPRR03
Siegfried Reich	books/dp/kappel2003/KappelPRR03
Werner Retschitzegger	books/dp/kappel2003/KappelPRR03
Gabriele Kotsis	books/dp/kappel2003/Kotsis03
Herwig Mayr	books/dp/kappel2003/Mayr03
Wieland Schwinger	books/dp/kappel2003/SchwingerK03
Nora Koch	books/dp/kappel2003/SchwingerK03
Christoph Steindl	books/dp/kappel2003/SteindlRA03
Rudolf Ramler	books/dp/kappel2003/SteindlRA03
Josef Altmann	books/dp/kappel2003/SteindlRA03
Wolfgang Benn	books/dp/rahm2003/BennL03
Oliver Langer	books/dp/rahm2003/BennL03
Timo Böhme	books/dp/rahm2003/BohmeR03
Erhard Rahm	books/dp/rahm2003/BohmeR03
Sven Helmer	books/dp/rahm2003/HelmerM03
Guido Moerkotte	books/dp/rahm2003/HelmerM03
Peter Jaeschke	books/dp/rahm2003/JaeschkeOV03
Andreas Oberweis	books/dp/rahm2003/JaeschkeOV03
Gottfried Vossen	books/dp/rahm2003/JaeschkeOV03
Gerti Kappel	books/dp/rahm2003/KappelRPUV03
Werner Retschitzegger	books/dp/rahm2003/KappelRPUV03
Birgit Pröll	books/dp/rahm2003/KappelRPUV03
Rainer Unland	books/dp/rahm2003/KappelRPUV03
Bahram Vojdani	books/dp/rahm2003/KappelRPUV03
Markus Keidl	books/dp/rahm2003/KeidlKSS03
Alfons Kemper	books/dp/rahm2003/KeidlKSS03
Stefan Seltzsam	books/dp/rahm2003/KeidlKSS03
Konrad Stocker	books/dp/rahm2003/KeidlKSS03
Meike Klettke	books/dp/rahm2003/KlettkeMRU03
Holger Meyer	books/dp/rahm2003/KlettkeMRU03
Werner Retschitzegger	books/dp/rahm2003/KlettkeMRU03
Rainer Unland	books/dp/rahm2003/KlettkeMRU03
Georg Lausen	books/dp/rahm2003/LausenM03
Wolfgang May	books/dp/rahm2003/LausenM03
Holger Meyer	books/dp/rahm2003/MeyerK03
Meike Klettke	books/dp/rahm2003/MeyerK03
Erhard Rahm	books/dp/rahm2003/RahmS03
Thomas Stöhr	books/dp/rahm2003/RahmS03
Kai-Uwe Sattler	books/dp/rahm2003/SattlerCS03
Stefan Conrad	books/dp/rahm2003/SattlerCS03
Gunter Saake	books/dp/rahm2003/SattlerCS03
Harald Schöning	books/dp/rahm2003/SchoningW03
Walter Waterfeld	books/dp/rahm2003/SchoningW03
Gunnar Weber	books/dp/rahm2003/WeberBH03
Ilvio Bruder	books/dp/rahm2003/WeberBH03
Andreas Heuer	books/dp/rahm2003/WeberBH03
Gerhard Weikum	books/dp/rahm2003/Weikum03
Serge Demeyer	books/dp/DemeyerDN02
Stéphane Ducasse	books/dp/DemeyerDN02
Oscar Nierstrasz	books/dp/DemeyerDN02
Andreas Geppert	books/dp/Dittrich96
Albert Endres	books/dp/EndresF00
Dieter W. Fellner	books/dp/EndresF00
Andreas Geppert	books/dp/Geppert02
Hagen Höpfner	books/dp/Hopfner2005
Can Türker	books/dp/Hopfner2005
Birgitta König-Ries	books/dp/Hopfner2005
Tobias Klein	books/dp/Klein01
Ulf Leser	books/dp/LeserN2006
Felix Naumann	books/dp/LeserN2006
Jürgen Nehmer	books/dp/NehmerS98
Peter Sturm	books/dp/NehmerS98
Gunter Saake	books/dp/SaakeS00
Kai-Uwe Sattler	books/dp/SaakeS00
Robert Tolksdorf	books/dp/Tolksdorf02
Can Türker	books/dp/Turker03
Frank Oemig	books/duv/OemigCH1991
Armin B. Cremers	books/duv/OemigCH1991
Gerhard Heyer	books/duv/OemigCH1991
Harald Schöning	books/duv/Schoning93
Marco Bellia	books/eh/campbell84/BelliaDDLM84
Enrico Dameri	books/eh/campbell84/BelliaDDLM84
Pierpaolo Degano	books/eh/campbell84/BelliaDDLM84
Giorgio Levi	books/eh/campbell84/BelliaDDLM84
Maurizio Martelli	books/eh/campbell84/BelliaDDLM84
Maurice Bruynooghe	books/eh/campbell84/Bruynooghe84
Maurice Bruynooghe	books/eh/campbell84/BruynoogheP84
Luís Moniz Pereira	books/eh/campbell84/BruynoogheP84
John A. Campbell	books/eh/campbell84/CampbellH84
Steve Hardy	books/eh/campbell84/CampbellH84
Philip T. Cox	books/eh/campbell84/Cox84
Julian Davies	books/eh/campbell84/Davies84
Mark Dowson	books/eh/campbell84/Dowson84
Maarten H. van Emden	books/eh/campbell84/Emden84
Richard Ennals	books/eh/campbell84/EnnalsBB84
Jonathan Briggs	books/eh/campbell84/EnnalsBB84
